{
    "rmse": 0.6884564809129111,
    "mae": 0.5378090956270338,
    "r2": 0.2630955662877795
}